-- phpMyAdmin SQL Dump
-- version 5.2.0
-- https://www.phpmyadmin.net/
--
-- Host: 127.0.0.1
-- Generation Time: Dec 09, 2022 at 01:53 PM
-- Server version: 10.4.27-MariaDB
-- PHP Version: 8.1.12

SET SQL_MODE = "NO_AUTO_VALUE_ON_ZERO";
START TRANSACTION;
SET time_zone = "+00:00";


/*!40101 SET @OLD_CHARACTER_SET_CLIENT=@@CHARACTER_SET_CLIENT */;
/*!40101 SET @OLD_CHARACTER_SET_RESULTS=@@CHARACTER_SET_RESULTS */;
/*!40101 SET @OLD_COLLATION_CONNECTION=@@COLLATION_CONNECTION */;
/*!40101 SET NAMES utf8mb4 */;

--
-- Database: `absensi_app`
--

-- --------------------------------------------------------

--
-- Table structure for table `attendances`
--

CREATE TABLE `attendances` (
  `id` bigint(20) UNSIGNED NOT NULL,
  `title` varchar(255) NOT NULL,
  `description` varchar(500) NOT NULL,
  `start_time` time NOT NULL,
  `batas_start_time` time NOT NULL,
  `end_time` time NOT NULL,
  `batas_end_time` time NOT NULL,
  `code` varchar(255) DEFAULT NULL,
  `created_at` timestamp NULL DEFAULT NULL,
  `updated_at` timestamp NULL DEFAULT NULL
) ENGINE=InnoDB DEFAULT CHARSET=utf8mb4 COLLATE=utf8mb4_unicode_ci;

--
-- Dumping data for table `attendances`
--

INSERT INTO `attendances` (`id`, `title`, `description`, `start_time`, `batas_start_time`, `end_time`, `batas_end_time`, `code`, `created_at`, `updated_at`) VALUES
(1, 'Kelas Renang Sabtu', 'absen', '19:30:00', '20:00:00', '23:00:00', '23:10:00', '3nC4Qim2g6EJ7UFU', '2022-12-09 12:31:38', '2022-12-09 12:40:26');

-- --------------------------------------------------------

--
-- Table structure for table `attendance_position`
--

CREATE TABLE `attendance_position` (
  `id` bigint(20) UNSIGNED NOT NULL,
  `attendance_id` bigint(20) UNSIGNED NOT NULL,
  `position_id` bigint(20) UNSIGNED NOT NULL,
  `created_at` timestamp NULL DEFAULT NULL,
  `updated_at` timestamp NULL DEFAULT NULL
) ENGINE=InnoDB DEFAULT CHARSET=utf8mb4 COLLATE=utf8mb4_unicode_ci;

--
-- Dumping data for table `attendance_position`
--

INSERT INTO `attendance_position` (`id`, `attendance_id`, `position_id`, `created_at`, `updated_at`) VALUES
(2, 1, 2, NULL, NULL),
(3, 1, 3, NULL, NULL);

-- --------------------------------------------------------

--
-- Table structure for table `failed_jobs`
--

CREATE TABLE `failed_jobs` (
  `id` bigint(20) UNSIGNED NOT NULL,
  `uuid` varchar(255) NOT NULL,
  `connection` text NOT NULL,
  `queue` text NOT NULL,
  `payload` longtext NOT NULL,
  `exception` longtext NOT NULL,
  `failed_at` timestamp NOT NULL DEFAULT current_timestamp()
) ENGINE=InnoDB DEFAULT CHARSET=utf8mb4 COLLATE=utf8mb4_unicode_ci;

-- --------------------------------------------------------

--
-- Table structure for table `holidays`
--

CREATE TABLE `holidays` (
  `id` bigint(20) UNSIGNED NOT NULL,
  `title` varchar(255) NOT NULL,
  `description` varchar(255) NOT NULL,
  `holiday_date` date NOT NULL,
  `created_at` timestamp NULL DEFAULT NULL,
  `updated_at` timestamp NULL DEFAULT NULL
) ENGINE=InnoDB DEFAULT CHARSET=utf8mb4 COLLATE=utf8mb4_unicode_ci;

-- --------------------------------------------------------

--
-- Table structure for table `migrations`
--

CREATE TABLE `migrations` (
  `id` int(10) UNSIGNED NOT NULL,
  `migration` varchar(255) NOT NULL,
  `batch` int(11) NOT NULL
) ENGINE=InnoDB DEFAULT CHARSET=utf8mb4 COLLATE=utf8mb4_unicode_ci;

--
-- Dumping data for table `migrations`
--

INSERT INTO `migrations` (`id`, `migration`, `batch`) VALUES
(17, '2014_10_12_000000_create_users_table', 1),
(18, '2014_10_12_100000_create_password_resets_table', 1),
(19, '2019_08_19_000000_create_failed_jobs_table', 1),
(20, '2019_12_14_000001_create_personal_access_tokens_table', 1),
(21, '2022_06_16_075041_create_roles_table', 1),
(22, '2022_06_16_075123_add_role_id_to_users_table', 1),
(23, '2022_06_17_134607_create_positions_table', 1),
(24, '2022_06_17_142639_add_phone_and_position_id_to_users_table', 1),
(25, '2022_06_20_114945_create_holidays_table', 1),
(26, '2022_06_21_135647_create_attendances_table', 1),
(27, '2022_06_21_135721_create_attendance_position_table', 1),
(28, '2022_06_21_144144_create_presences_table', 1),
(29, '2022_06_26_214220_create_permissions_table', 1),
(30, '2022_06_26_214239_add_is_permission_to_presences_table', 1),
(31, '2022_06_26_215859_add_permission_date_to_permissions_table', 1),
(32, '2022_06_27_162656_add_is_accepted_to_permissions_table', 1);

-- --------------------------------------------------------

--
-- Table structure for table `password_resets`
--

CREATE TABLE `password_resets` (
  `email` varchar(255) NOT NULL,
  `token` varchar(255) NOT NULL,
  `created_at` timestamp NULL DEFAULT NULL
) ENGINE=InnoDB DEFAULT CHARSET=utf8mb4 COLLATE=utf8mb4_unicode_ci;

-- --------------------------------------------------------

--
-- Table structure for table `permissions`
--

CREATE TABLE `permissions` (
  `id` bigint(20) UNSIGNED NOT NULL,
  `user_id` bigint(20) UNSIGNED NOT NULL,
  `attendance_id` bigint(20) UNSIGNED NOT NULL,
  `title` varchar(255) NOT NULL,
  `description` varchar(500) NOT NULL,
  `permission_date` date NOT NULL,
  `is_accepted` tinyint(1) NOT NULL DEFAULT 0,
  `created_at` timestamp NULL DEFAULT NULL,
  `updated_at` timestamp NULL DEFAULT NULL
) ENGINE=InnoDB DEFAULT CHARSET=utf8mb4 COLLATE=utf8mb4_unicode_ci;

-- --------------------------------------------------------

--
-- Table structure for table `personal_access_tokens`
--

CREATE TABLE `personal_access_tokens` (
  `id` bigint(20) UNSIGNED NOT NULL,
  `tokenable_type` varchar(255) NOT NULL,
  `tokenable_id` bigint(20) UNSIGNED NOT NULL,
  `name` varchar(255) NOT NULL,
  `token` varchar(64) NOT NULL,
  `abilities` text DEFAULT NULL,
  `last_used_at` timestamp NULL DEFAULT NULL,
  `created_at` timestamp NULL DEFAULT NULL,
  `updated_at` timestamp NULL DEFAULT NULL
) ENGINE=InnoDB DEFAULT CHARSET=utf8mb4 COLLATE=utf8mb4_unicode_ci;

-- --------------------------------------------------------

--
-- Table structure for table `positions`
--

CREATE TABLE `positions` (
  `id` bigint(20) UNSIGNED NOT NULL,
  `name` varchar(255) NOT NULL,
  `created_at` timestamp NULL DEFAULT NULL,
  `updated_at` timestamp NULL DEFAULT NULL
) ENGINE=InnoDB DEFAULT CHARSET=utf8mb4 COLLATE=utf8mb4_unicode_ci;

--
-- Dumping data for table `positions`
--

INSERT INTO `positions` (`id`, `name`, `created_at`, `updated_at`) VALUES
(1, 'Pegawai \"Biasa\"', '2022-12-09 12:19:22', '2022-12-09 12:19:22'),
(2, 'Manager', '2022-12-09 12:19:22', '2022-12-09 12:19:22'),
(3, 'Direktur', '2022-12-09 12:19:22', '2022-12-09 12:19:22'),
(4, 'Operator', '2022-12-09 12:19:22', '2022-12-09 12:19:22');

-- --------------------------------------------------------

--
-- Table structure for table `presences`
--

CREATE TABLE `presences` (
  `id` bigint(20) UNSIGNED NOT NULL,
  `user_id` bigint(20) UNSIGNED NOT NULL,
  `attendance_id` bigint(20) UNSIGNED NOT NULL,
  `presence_date` date NOT NULL,
  `presence_enter_time` varchar(255) DEFAULT NULL,
  `presence_out_time` time DEFAULT NULL,
  `is_permission` tinyint(1) NOT NULL DEFAULT 0,
  `created_at` timestamp NULL DEFAULT NULL,
  `updated_at` timestamp NULL DEFAULT NULL
) ENGINE=InnoDB DEFAULT CHARSET=utf8mb4 COLLATE=utf8mb4_unicode_ci;

-- --------------------------------------------------------

--
-- Table structure for table `roles`
--

CREATE TABLE `roles` (
  `id` bigint(20) UNSIGNED NOT NULL,
  `name` varchar(255) NOT NULL,
  `created_at` timestamp NULL DEFAULT NULL,
  `updated_at` timestamp NULL DEFAULT NULL
) ENGINE=InnoDB DEFAULT CHARSET=utf8mb4 COLLATE=utf8mb4_unicode_ci;

--
-- Dumping data for table `roles`
--

INSERT INTO `roles` (`id`, `name`, `created_at`, `updated_at`) VALUES
(1, 'admin', '2022-12-09 12:19:22', '2022-12-09 12:19:22'),
(2, 'operator', '2022-12-09 12:19:22', '2022-12-09 12:19:22'),
(3, 'user', '2022-12-09 12:19:22', '2022-12-09 12:19:22');

-- --------------------------------------------------------

--
-- Table structure for table `users`
--

CREATE TABLE `users` (
  `id` bigint(20) UNSIGNED NOT NULL,
  `name` varchar(255) NOT NULL,
  `email` varchar(255) NOT NULL,
  `email_verified_at` timestamp NULL DEFAULT NULL,
  `password` varchar(255) NOT NULL,
  `phone` varchar(255) DEFAULT NULL,
  `position_id` bigint(20) UNSIGNED NOT NULL,
  `role_id` bigint(20) UNSIGNED NOT NULL,
  `remember_token` varchar(100) DEFAULT NULL,
  `created_at` timestamp NULL DEFAULT NULL,
  `updated_at` timestamp NULL DEFAULT NULL
) ENGINE=InnoDB DEFAULT CHARSET=utf8mb4 COLLATE=utf8mb4_unicode_ci;

--
-- Dumping data for table `users`
--

INSERT INTO `users` (`id`, `name`, `email`, `email_verified_at`, `password`, `phone`, `position_id`, `role_id`, `remember_token`, `created_at`, `updated_at`) VALUES
(1, 'Muhammad Pauzi (Admin)', 'admin@gmail.com', '2022-12-09 12:19:22', '$2y$10$92IXUNpkjO0rOQ5byMi.Ye4oKoEa3Ro9llC/.og/at2.uheWG/igi', '937-214-5291', 4, 1, 'bGCnnexhsfxxOBv0E6Pgq9w9wJCe8qTDkXuNAoOXiBxPfv9e5d0IpyXaeA0X', '2022-12-09 12:19:22', '2022-12-09 12:19:22'),
(2, 'Alice Lebsack', 'crist.beau@example.org', '2022-12-09 12:19:22', '$2y$10$92IXUNpkjO0rOQ5byMi.Ye4oKoEa3Ro9llC/.og/at2.uheWG/igi', '+15618134205', 4, 2, 'HwAuR52erbZfnHaosTzA0ZndyFVKYjnZw8NC4K2YSvnhNgxMohub7KTqd0BB', '2022-12-09 12:19:22', '2022-12-09 12:19:22'),
(3, 'Mrs. Henriette Halvorson', 'mstark@example.com', '2022-12-09 12:19:22', '$2y$10$92IXUNpkjO0rOQ5byMi.Ye4oKoEa3Ro9llC/.og/at2.uheWG/igi', '307-826-9672', 3, 3, 'qy3wl8FdW1QBK5BmwFprxZh7UKDiXsjM192AJqWQfAqQix1GdRIjwtQPcci1', '2022-12-09 12:19:22', '2022-12-09 12:19:22'),
(4, 'Waldo Watsica', 'guiseppe17@example.org', '2022-12-09 12:19:22', '$2y$10$92IXUNpkjO0rOQ5byMi.Ye4oKoEa3Ro9llC/.og/at2.uheWG/igi', '952-345-6247', 3, 3, '1g8uJ7P3dv', '2022-12-09 12:19:22', '2022-12-09 12:19:22'),
(5, 'Anabel Krajcik MD', 'mills.jodie@example.com', '2022-12-09 12:19:22', '$2y$10$92IXUNpkjO0rOQ5byMi.Ye4oKoEa3Ro9llC/.og/at2.uheWG/igi', '+1.864.508.7586', 3, 3, 'eKGWP4Huyd', '2022-12-09 12:19:22', '2022-12-09 12:19:22'),
(6, 'Davion Bartoletti', 'mbergstrom@example.net', '2022-12-09 12:19:22', '$2y$10$92IXUNpkjO0rOQ5byMi.Ye4oKoEa3Ro9llC/.og/at2.uheWG/igi', '(601) 587-2418', 3, 3, '9bHbdhiRJL', '2022-12-09 12:19:22', '2022-12-09 12:19:22'),
(7, 'Ms. Fae Steuber', 'deion52@example.com', '2022-12-09 12:19:22', '$2y$10$92IXUNpkjO0rOQ5byMi.Ye4oKoEa3Ro9llC/.og/at2.uheWG/igi', '+1 (810) 946-0407', 3, 3, 'nklMIajH1M', '2022-12-09 12:19:22', '2022-12-09 12:19:22'),
(8, 'Mae Leffler', 'alexandra.thompson@example.org', '2022-12-09 12:19:22', '$2y$10$92IXUNpkjO0rOQ5byMi.Ye4oKoEa3Ro9llC/.og/at2.uheWG/igi', '+1-754-406-5808', 3, 3, 'VVxkUlsT2A', '2022-12-09 12:19:22', '2022-12-09 12:19:22'),
(9, 'Fidel Hessel I', 'stroman.ana@example.net', '2022-12-09 12:19:22', '$2y$10$92IXUNpkjO0rOQ5byMi.Ye4oKoEa3Ro9llC/.og/at2.uheWG/igi', '1-563-888-7692', 3, 3, '4fZRuiEvRM', '2022-12-09 12:19:22', '2022-12-09 12:19:22'),
(10, 'Sally Corkery', 'lesch.audra@example.org', '2022-12-09 12:19:22', '$2y$10$92IXUNpkjO0rOQ5byMi.Ye4oKoEa3Ro9llC/.og/at2.uheWG/igi', '1-820-731-8908', 3, 3, '5QJNsqSvtd', '2022-12-09 12:19:22', '2022-12-09 12:19:22'),
(11, 'Casey Monahan', 'nhilpert@example.org', '2022-12-09 12:19:22', '$2y$10$92IXUNpkjO0rOQ5byMi.Ye4oKoEa3Ro9llC/.og/at2.uheWG/igi', '417.328.3072', 3, 3, 'KPAA8DqgiM', '2022-12-09 12:19:22', '2022-12-09 12:19:22'),
(12, 'Green Bogan', 'maeve22@example.net', '2022-12-09 12:19:22', '$2y$10$92IXUNpkjO0rOQ5byMi.Ye4oKoEa3Ro9llC/.og/at2.uheWG/igi', '+1 (463) 418-6926', 3, 3, 'LOeSQHeHWFR9reOLCQxiPtHC2uNs9Xw6u54FKHSh68NKX8DJn6TWG9HPOvKo', '2022-12-09 12:19:22', '2022-12-09 12:19:22');

--
-- Indexes for dumped tables
--

--
-- Indexes for table `attendances`
--
ALTER TABLE `attendances`
  ADD PRIMARY KEY (`id`);

--
-- Indexes for table `attendance_position`
--
ALTER TABLE `attendance_position`
  ADD PRIMARY KEY (`id`),
  ADD KEY `attendance_position_attendance_id_foreign` (`attendance_id`),
  ADD KEY `attendance_position_position_id_foreign` (`position_id`);

--
-- Indexes for table `failed_jobs`
--
ALTER TABLE `failed_jobs`
  ADD PRIMARY KEY (`id`),
  ADD UNIQUE KEY `failed_jobs_uuid_unique` (`uuid`);

--
-- Indexes for table `holidays`
--
ALTER TABLE `holidays`
  ADD PRIMARY KEY (`id`);

--
-- Indexes for table `migrations`
--
ALTER TABLE `migrations`
  ADD PRIMARY KEY (`id`);

--
-- Indexes for table `password_resets`
--
ALTER TABLE `password_resets`
  ADD KEY `password_resets_email_index` (`email`);

--
-- Indexes for table `permissions`
--
ALTER TABLE `permissions`
  ADD PRIMARY KEY (`id`),
  ADD KEY `permissions_user_id_foreign` (`user_id`),
  ADD KEY `permissions_attendance_id_foreign` (`attendance_id`);

--
-- Indexes for table `personal_access_tokens`
--
ALTER TABLE `personal_access_tokens`
  ADD PRIMARY KEY (`id`),
  ADD UNIQUE KEY `personal_access_tokens_token_unique` (`token`),
  ADD KEY `personal_access_tokens_tokenable_type_tokenable_id_index` (`tokenable_type`,`tokenable_id`);

--
-- Indexes for table `positions`
--
ALTER TABLE `positions`
  ADD PRIMARY KEY (`id`);

--
-- Indexes for table `presences`
--
ALTER TABLE `presences`
  ADD PRIMARY KEY (`id`),
  ADD KEY `presences_user_id_foreign` (`user_id`),
  ADD KEY `presences_attendance_id_foreign` (`attendance_id`);

--
-- Indexes for table `roles`
--
ALTER TABLE `roles`
  ADD PRIMARY KEY (`id`);

--
-- Indexes for table `users`
--
ALTER TABLE `users`
  ADD PRIMARY KEY (`id`),
  ADD UNIQUE KEY `users_email_unique` (`email`),
  ADD UNIQUE KEY `users_phone_unique` (`phone`),
  ADD KEY `users_role_id_foreign` (`role_id`),
  ADD KEY `users_position_id_foreign` (`position_id`);

--
-- AUTO_INCREMENT for dumped tables
--

--
-- AUTO_INCREMENT for table `attendances`
--
ALTER TABLE `attendances`
  MODIFY `id` bigint(20) UNSIGNED NOT NULL AUTO_INCREMENT, AUTO_INCREMENT=2;

--
-- AUTO_INCREMENT for table `attendance_position`
--
ALTER TABLE `attendance_position`
  MODIFY `id` bigint(20) UNSIGNED NOT NULL AUTO_INCREMENT, AUTO_INCREMENT=4;

--
-- AUTO_INCREMENT for table `failed_jobs`
--
ALTER TABLE `failed_jobs`
  MODIFY `id` bigint(20) UNSIGNED NOT NULL AUTO_INCREMENT;

--
-- AUTO_INCREMENT for table `holidays`
--
ALTER TABLE `holidays`
  MODIFY `id` bigint(20) UNSIGNED NOT NULL AUTO_INCREMENT;

--
-- AUTO_INCREMENT for table `migrations`
--
ALTER TABLE `migrations`
  MODIFY `id` int(10) UNSIGNED NOT NULL AUTO_INCREMENT, AUTO_INCREMENT=33;

--
-- AUTO_INCREMENT for table `permissions`
--
ALTER TABLE `permissions`
  MODIFY `id` bigint(20) UNSIGNED NOT NULL AUTO_INCREMENT;

--
-- AUTO_INCREMENT for table `personal_access_tokens`
--
ALTER TABLE `personal_access_tokens`
  MODIFY `id` bigint(20) UNSIGNED NOT NULL AUTO_INCREMENT;

--
-- AUTO_INCREMENT for table `positions`
--
ALTER TABLE `positions`
  MODIFY `id` bigint(20) UNSIGNED NOT NULL AUTO_INCREMENT, AUTO_INCREMENT=5;

--
-- AUTO_INCREMENT for table `presences`
--
ALTER TABLE `presences`
  MODIFY `id` bigint(20) UNSIGNED NOT NULL AUTO_INCREMENT;

--
-- AUTO_INCREMENT for table `roles`
--
ALTER TABLE `roles`
  MODIFY `id` bigint(20) UNSIGNED NOT NULL AUTO_INCREMENT, AUTO_INCREMENT=4;

--
-- AUTO_INCREMENT for table `users`
--
ALTER TABLE `users`
  MODIFY `id` bigint(20) UNSIGNED NOT NULL AUTO_INCREMENT, AUTO_INCREMENT=13;

--
-- Constraints for dumped tables
--

--
-- Constraints for table `attendance_position`
--
ALTER TABLE `attendance_position`
  ADD CONSTRAINT `attendance_position_attendance_id_foreign` FOREIGN KEY (`attendance_id`) REFERENCES `attendances` (`id`) ON DELETE CASCADE,
  ADD CONSTRAINT `attendance_position_position_id_foreign` FOREIGN KEY (`position_id`) REFERENCES `positions` (`id`);

--
-- Constraints for table `permissions`
--
ALTER TABLE `permissions`
  ADD CONSTRAINT `permissions_attendance_id_foreign` FOREIGN KEY (`attendance_id`) REFERENCES `attendances` (`id`) ON DELETE CASCADE,
  ADD CONSTRAINT `permissions_user_id_foreign` FOREIGN KEY (`user_id`) REFERENCES `users` (`id`);

--
-- Constraints for table `presences`
--
ALTER TABLE `presences`
  ADD CONSTRAINT `presences_attendance_id_foreign` FOREIGN KEY (`attendance_id`) REFERENCES `attendances` (`id`) ON DELETE CASCADE,
  ADD CONSTRAINT `presences_user_id_foreign` FOREIGN KEY (`user_id`) REFERENCES `users` (`id`);

--
-- Constraints for table `users`
--
ALTER TABLE `users`
  ADD CONSTRAINT `users_position_id_foreign` FOREIGN KEY (`position_id`) REFERENCES `positions` (`id`),
  ADD CONSTRAINT `users_role_id_foreign` FOREIGN KEY (`role_id`) REFERENCES `roles` (`id`);
COMMIT;

/*!40101 SET CHARACTER_SET_CLIENT=@OLD_CHARACTER_SET_CLIENT */;
/*!40101 SET CHARACTER_SET_RESULTS=@OLD_CHARACTER_SET_RESULTS */;
/*!40101 SET COLLATION_CONNECTION=@OLD_COLLATION_CONNECTION */;
